<?xml version="1.0" encoding="UTF-8"?>
<beans xmlns="http://www.springframework.org/schema/beans"
	xmlns:xsi="http://www.w3.org/2001/XMLSchema-instance"
	xmlns:context="http://www.springframework.org/schema/context"
	xsi:schemaLocation="http://www.springframework.org/schema/beans
    http://www.springframework.org/schema/beans/spring-beans-3.0.xsd
    http://www.springframework.org/schema/context
    http://www.springframework.org/schema/context/spring-context-3.0.xsd">

	<!-- Setter Injection -->
<!-- 	<bean id="helloWorld" class="com.springdemo.HelloWorld"> -->
<!-- 		<property name="name" value="XYZ"></property> -->
<!-- 	</bean> -->

	<!-- Constructor Injection -->
	<!-- <bean id="helloWorld1" class="com.springdemo.HelloWorld"> <constructor-arg 
		type="String" value="SAM"></constructor-arg> <property name="name" value="XYZ"></property> 
		</bean> -->

	<!-- Autowiring using Annotation -->
	<context:annotation-config />
	
	<context:component-scan base-package="com.springdemo.tutorial" /> 

	<!-- Component Scan -->
<!-- 	<context:component-scan base-package="com.springdemo.tutorial.*" />  -->


	<!-- <bean id="a" class="com.springdemo.tutorial.A"> <property name="b" 
		ref="b"></property> </bean> -->

	<!-- <bean id="b" class="com.springdemo.tutorial.B" scope="prototype"> <property 
		name="p" value="1"></property> <property name="q" value="2"></property> <property 
		name="r" value="3"></property> </bean> -->

	<!-- <bean id="b" class="com.springdemo.tutorial.B"> <property name="p" 
		value="7"></property> <property name="q" value="8"></property> <property 
		name="r" value="3"></property> </bean> -->

	<!-- <bean id="question" class="com.springdemo.tutorial.Question"> <constructor-arg> 
		<list> <value>Java is a programming language</value> <value>Java is a Platform</value> 
		</list> </constructor-arg> </bean> -->

	<bean id="dataSource"
		class="org.springframework.jdbc.datasource.DriverManagerDataSource">
		<property name="driverClassName"
			value="com.mysql.jdbc.Driver"></property>
		<property name="url" value="jdbc:mysql://localhost/test1"></property>
		<property name="username" value="root"></property>
		<property name="password" value="root"></property>
	</bean>

	<bean id="jdbcTemplate"
		class="org.springframework.jdbc.core.JdbcTemplate">
		<property name="dataSource" ref="dataSource"></property>
	</bean>




</beans>