<?xml version = "1.0" encoding = "utf-8"?>
<!DOCTYPE hibernate-configuration SYSTEM 
"http://www.hibernate.org/dtd/hibernate-configuration-3.0.dtd">
<hibernate-configuration>
   <session-factory>
   
      <property name = "hibernate.dialect">
         org.hibernate.dialect.MySQL5Dialect
      </property>
      
      <property name = "hibernate.connection.driver_class">
         com.mysql.jdbc.Driver
      </property>
      
      <!-- Assume test is the database name -->
      
      <property name = "hibernate.connection.url">
        jdbc:mysql://localhost/test  
      </property>
      
      <property name = "hibernate.connection.username">
         root
      </property>
      
      <property name = "hibernate.connection.password">
         root
      </property>
      
      <property name="hibernate.show_sql">
		true
	  </property>
	  
	  <property name="hibernate.hbm2ddl.auto">
	  	update
	  </property>
	  
	  <property name="spring.jpa.hibernate.ddl-auto">update</property>
      
      <!-- List of XML mapping files -->
<!--       <mapping resource = "Employee.hbm.xml"/> -->
      <mapping class="com.practice.pojo.Student"></mapping>
      <mapping class="com.practice.pojo.Course"></mapping>
   </session-factory>
</hibernate-configuration>